{"quota_min": 4, "quota_day": 4, "time_prev_min": 1583137854.9613469, "time_prev_day": 1583137854.961347}