{"api_key": "AG0GIQJL6LA5U2Q6", "quota_min": 2, "quota_day": 31, "time_prev_min": 1583210609.2522564, "time_prev_day": 1583210329.245325}